{
  "best_global_step": null,
  "best_metric": null,
  "best_model_checkpoint": null,
  "epoch": 3.0,
  "eval_steps": 500,
  "global_step": 42,
  "is_hyper_param_search": false,
  "is_local_process_zero": true,
  "is_world_process_zero": true,
  "log_history": [
    {
      "entropy": 3.3481520414352417,
      "epoch": 0.7407407407407407,
      "grad_norm": 2.0547878742218018,
      "learning_rate": 0.00015714285714285716,
      "loss": 4.1747,
      "mean_token_accuracy": 0.3650456860661507,
      "num_tokens": 4469.0,
      "step": 10
    },
    {
      "entropy": 3.208251614319651,
      "epoch": 1.4444444444444444,
      "grad_norm": 1.7428725957870483,
      "learning_rate": 0.00010952380952380953,
      "loss": 3.0233,
      "mean_token_accuracy": 0.471076709659476,
      "num_tokens": 8765.0,
      "step": 20
    },
    {
      "entropy": 2.724194338447169,
      "epoch": 2.148148148148148,
      "grad_norm": 1.668609619140625,
      "learning_rate": 6.19047619047619e-05,
      "loss": 2.7032,
      "mean_token_accuracy": 0.5120898500869149,
      "num_tokens": 13022.0,
      "step": 30
    },
    {
      "entropy": 2.7243292808532713,
      "epoch": 2.888888888888889,
      "grad_norm": 1.5665183067321777,
      "learning_rate": 1.4285714285714285e-05,
      "loss": 2.5257,
      "mean_token_accuracy": 0.5309906095266342,
      "num_tokens": 17733.0,
      "step": 40
    }
  ],
  "logging_steps": 10,
  "max_steps": 42,
  "num_input_tokens_seen": 0,
  "num_train_epochs": 3,
  "save_steps": 500,
  "stateful_callbacks": {
    "TrainerControl": {
      "args": {
        "should_epoch_stop": false,
        "should_evaluate": false,
        "should_log": false,
        "should_save": true,
        "should_training_stop": true
      },
      "attributes": {}
    }
  },
  "total_flos": 218112189751296.0,
  "train_batch_size": 4,
  "trial_name": null,
  "trial_params": null
}
